ID,prediction,Years,MAX,RoutesNbr,OS,Flash,RP,Region,<6a,6a-6c+,7a-7c+,=>8a,Grade,13
0.6557632684707642,9,0.75757575,0.36363637,0.7619048,0.17662008,0.374,0.044,0.582,0.5576923,0.08108108,0.11580882,0.11378659,0.050970875,0.7575757575757576
0.6532710194587708,9,0.93560606,0.060606062,0.71428573,0.035154596,0.422,0.343,0.235,0.6442308,0.0,0.0,0.03871577,0.0012135922,0.9356060606060607
0.6651090383529663,20,0.96590906,0.4848485,0.7380952,0.22702245,0.455,0.03,0.511,0.66346157,0.0,0.005514706,0.24032106,0.015169903,0.9659090909090909
0.8436136841773987,26,0.7689394,0.121212125,0.75,0.019906819,0.417,0.01,0.583,0.58653843,0.0,0.0036764706,0.013692162,0.010315534,0.7689393939393939
0.7890965938568115,12,0.5265151,0.24242425,0.7619048,0.05082592,0.1,0.098,0.802,0.17307693,0.0,0.0036764706,0.031161472,0.032160193,0.5265151515151515
0.6626168489456177,29,0.125,0.33333334,0.7380952,0.52562475,0.537,0.08,0.382,0.009615385,0.0,0.0,0.5462701,0.05157767,0.125
0.6947040557861328,26,0.8484849,0.01,0.72619045,0.016518425,0.375,0.025,0.6,0.6442308,0.0,0.0,0.016525023,0.0030339805,0.8484848484848485
0.7380062341690063,26,0.9810606,0.24242425,0.7380952,0.14908937,0.326,0.056,0.617,0.7019231,0.0,0.0,0.14683664,0.025485437,0.9810606060606061
0.0,8,0.5984849,0.01,0.01,0.0,1.0,0.01,0.0,0.52884614,0.0027027028,0.0,0.0,0.01,0.5984848484848485
0.0,8,0.60227275,0.01,0.01,0.0,0.0,0.01,1.0,0.5769231,0.0027027028,0.0,0.0,0.01,0.6022727272727273
0.0,8,0.6060606,0.01,0.01,0.0,0.0,1.0,0.0,0.6730769,0.0027027028,0.0,0.0,0.01,0.6060606060606061
0.0,2,0.5984849,0.01,0.01,0.0,1.0,0.01,0.0,0.52884614,0.0027027028,0.0,0.0,0.01,0.5984848484848485
0.0,2,0.60227275,0.01,0.01,0.0,0.0,0.01,1.0,0.5769231,0.0027027028,0.0,0.0,0.01,0.6022727272727273
0.0,2,0.6060606,0.01,0.01,0.0,0.0,1.0,0.0,0.6730769,0.0027027028,0.0,0.0,0.01,0.6060606060606061
0.0,28,0.5984849,0.01,0.01,0.0,1.0,0.01,0.0,0.52884614,0.0027027028,0.0,0.0,0.01,0.5984848484848485
0.0,28,0.60227275,0.01,0.01,0.0,0.0,0.01,1.0,0.5769231,0.0027027028,0.0,0.0,0.01,0.6022727272727273
0.0,28,0.6060606,0.01,0.01,0.0,0.0,1.0,0.0,0.6730769,0.0027027028,0.0,0.0,0.01,0.6060606060606061
0.5327102541923523,16,0.15530303,0.030303031,0.5,0.0029648454,0.167,0.01,0.834,0.17307693,0.0,0.005514706,0.0023607176,0.01,0.1553030303030303
0.7535825371742249,3,0.72727275,0.36363637,0.77380955,0.17831427,0.183,0.032,0.785,0.84615386,0.0,0.0,0.13314448,0.08495145,0.7272727272727273
0.5657320618629456,21,0.9621212,0.27272728,0.71428573,0.07242694,0.415,0.013,0.435,0.99038464,0.0,0.04227941,0.069877245,0.0006067961,0.9621212121212122
0.9663551449775696,5,0.65909094,0.27272728,0.95238096,0.041931383,0.047,0.076,0.878,0.72115386,0.0,0.0,0.0,0.06067961,0.6590909090909091
0.5613707304000854,24,0.56060606,0.3939394,0.72619045,0.075815335,0.296,0.054,0.65,0.58653843,0.02972973,0.12867647,0.04107649,0.0072815535,0.5606060606060607
0.9401869177818298,5,0.7537879,0.24242425,0.77380955,0.18382041,0.054,0.061,0.878,0.7019231,0.0,0.0018382353,0.005193579,0.25667477,0.7537878787878788
0.6657320857048035,12,0.25378788,0.060606062,0.72619045,0.014824227,0.211,0.011,0.778,0.028846154,0.0,0.0018382353,0.014164306,0.0030339805,0.2537878787878788
0.8542056083679199,3,0.79545456,0.33333334,0.75,0.056332063,0.099,0.123,0.778,0.7307692,0.0,0.0,0.026440037,0.047330096,0.7954545454545455
0.3317756950855255,19,0.5151515,0.030303031,0.2857143,0.014824227,0.294,0.154,0.551,0.24038461,0.054054055,0.029411765,0.0,0.01,0.5151515151515151
0.9190031290054321,6,0.7234849,0.18181819,0.95238096,0.033883948,0.128,0.12,0.751,0.75,0.0,0.0,0.011803588,0.033980582,0.7234848484848485
0.9915887713432312,6,0.7121212,0.060606062,0.95238096,0.0055061416,0.0,0.01,1.0,0.83653843,0.0,0.0,0.0,0.0084951455,0.7121212121212122
0.5953270792961121,10,0.3219697,0.21212122,0.71428573,0.04616688,0.354,0.155,0.491,0.40384614,0.008108108,0.0036764706,0.04674221,0.0036407767,0.32196969696969696
0.22118380665779114,22,0.4659091,0.030303031,0.29761904,0.016941974,0.618,0.095,0.287,0.0,0.09189189,0.012867647,0.0,0.01,0.46590909090909094
0.5763239860534668,9,0.7083333,0.21212122,0.77380955,0.15925455,0.579,0.056,0.363,0.8269231,0.024324324,0.112132356,0.11378659,0.040048543,0.7083333333333334
0.622118353843689,21,0.9318182,0.15151516,0.72619045,0.035578147,0.399,0.115,0.437,0.8076923,0.0027027028,0.029411765,0.027384324,0.006067961,0.9318181818181819
0.9392523169517517,5,0.6628788,0.3030303,0.95238096,0.040660735,0.057,0.018,0.925,0.5576923,0.0,0.0,0.0037771482,0.054004855,0.6628787878787878
0.531775712966919,4,0.026515152,0.18181819,0.71428573,0.10885218,0.249,0.101,0.65,0.009615385,0.04054054,0.20036764,0.062322944,0.0012135922,0.026515151515151516
0.7975077629089355,4,0.018939395,0.15151516,0.77380955,0.24396442,0.175,0.073,0.751,0.028846154,0.010810811,0.060661763,0.14164306,0.14563107,0.01893939393939394
0.6526479721069336,12,0.5189394,0.030303031,0.53571427,0.021177467,0.226,0.071,0.703,0.1923077,0.0,0.009191177,0.021718603,0.01,0.5189393939393939
0.7738317847251892,14,0.07575758,0.18181819,0.75,0.08259212,0.552,0.077,0.371,0.09615385,0.0,0.02389706,0.06326723,0.02973301,0.07575757575757576
0.8239875435829163,6,0.67045456,0.09090909,0.77380955,0.017789073,0.041,0.05,0.909,0.75,0.0,0.0,0.0075542964,0.016383495,0.6704545454545455
0.3956386148929596,10,0.3560606,0.01,0.47619048,0.005082592,0.308,0.01,0.615,0.41346154,0.0027027028,0.018382354,0.00094428705,0.01,0.3560606060606061
0.7981308698654175,27,0.71590906,0.36363637,0.95238096,0.19144431,0.238,0.17,0.592,0.58653843,0.0,0.0,0.13078375,0.106796116,0.7159090909090909
0.9289719462394714,6,0.74242425,0.24242425,0.77380955,0.068615,0.066,0.048,0.886,0.7019231,0.0,0.0,0.0075542964,0.08919903,0.7424242424242424
0.8566977977752686,6,0.8030303,0.030303031,0.7380952,0.007200339,0.088,0.01,0.912,0.8942308,0.0,0.0,0.0056657223,0.0036407767,0.8030303030303031
0.23987539112567902,13,0.40530303,0.060606062,0.29761904,0.024989411,0.545,0.01,0.455,0.39423078,0.12432432,0.025735294,0.0,0.01,0.40530303030303033
0.30716511607170105,0,0.19318181,0.18181819,0.48809522,0.019906819,0.387,0.112,0.496,0.009615385,0.08648649,0.025735294,0.00094428705,0.01,0.19318181818181818
0.8489096760749817,6,0.7462121,0.15151516,0.77380955,0.08979246,0.159,0.016,0.822,0.66346157,0.0,0.0,0.03871577,0.07949029,0.7462121212121212
0.3152647912502289,17,0.4431818,0.121212125,0.47619048,0.040660735,0.134,0.01,0.055,0.009615385,0.11081081,0.097426474,0.0014164306,0.01,0.4431818181818182
0.5233644843101501,4,0.03787879,0.15151516,0.71428573,0.08513342,0.236,0.153,0.604,0.048076924,0.045945946,0.04411765,0.075542964,0.0006067961,0.03787878787878788
0.4679127633571625,23,0.3409091,0.27272728,0.71428573,0.5268954,0.498,0.166,0.334,0.0,0.44054055,1.0,0.25212464,0.0024271845,0.34090909090909094
0.32710281014442444,17,0.33333334,0.01,0.25,0.0,0.0,0.01,0.0,0.0,0.0027027028,0.0,0.0,0.01,0.33333333333333337
0.32710281014442444,17,0.5833333,0.030303031,0.26190478,0.0008470987,0.0,0.5,0.25,0.6442308,0.0027027028,0.0036764706,0.0,0.01,0.5833333333333334
0.32710281014442444,17,0.33333334,0.01,0.25,0.0,0.0,0.01,0.0,0.0,0.0027027028,0.0,0.0,0.01,0.33333333333333337
0.32710281014442444,17,0.5833333,0.030303031,0.26190478,0.0008470987,0.0,0.5,0.25,0.6442308,0.0027027028,0.0036764706,0.0,0.01,0.5833333333333334
0.6713395714759827,14,0.13257575,0.09090909,0.7380952,0.053790767,0.412,0.252,0.336,0.0,0.0,0.02389706,0.04579792,0.01092233,0.13257575757575757
0.5342679023742676,26,0.9015151,0.21212122,0.72619045,0.13680644,0.252,0.135,0.613,0.6730769,0.05135135,0.15441176,0.096317284,0.010315534,0.9015151515151515
0.6822429895401001,16,0.4810606,0.01,0.53571427,0.002541296,0.0,0.01,1.0,0.47115386,0.0,0.0,0.0033050047,0.01,0.4810606060606061
0.3065420687198639,11,0.43560606,0.121212125,0.47619048,0.035154596,0.022,0.646,0.296,0.0,0.12432432,0.06433824,0.0014164306,0.01,0.4356060606060606
0.7498442530632019,4,0.056818184,0.09090909,0.71428573,0.007200339,0.075,0.275,0.65,0.086538464,0.0,0.0,0.0066100094,0.0024271845,0.05681818181818182
0.6121495366096497,14,0.10606061,0.3030303,0.7380952,0.07115629,0.6,0.049,0.342,0.01923077,0.02972973,0.1194853,0.036355052,0.009708738,0.10606060606060606
0.2473520189523697,22,0.4318182,0.121212125,0.47619048,0.052096568,0.608,0.119,0.17,0.009615385,0.25135136,0.05514706,0.00047214353,0.01,0.4318181818181818
0.3800623118877411,11,0.46212122,0.09090909,0.5,0.030919103,0.03,0.505,0.464,0.01923077,0.08108108,0.060661763,0.005193579,0.01,0.46212121212121215
0.545171320438385,14,0.030303031,0.18181819,0.72619045,0.18466751,0.35,0.091,0.554,0.028846154,0.11891892,0.17095588,0.13786592,0.004854369,0.030303030303030304
0.545171320438385,14,0.99242425,0.24242425,0.71428573,0.21601017,0.185,0.219,0.596,1.0,0.06486487,0.19301471,0.17988668,0.0006067961,0.9924242424242424
0.545171320438385,21,0.030303031,0.18181819,0.72619045,0.18466751,0.35,0.091,0.554,0.028846154,0.11891892,0.17095588,0.13786592,0.004854369,0.030303030303030304
0.545171320438385,21,0.99242425,0.24242425,0.71428573,0.21601017,0.185,0.219,0.596,1.0,0.06486487,0.19301471,0.17988668,0.0006067961,0.9924242424242424
0.7080996632575989,20,0.780303,0.42424244,0.7380952,0.16010165,0.235,0.087,0.678,0.5769231,0.0,0.011029412,0.15061378,0.03276699,0.7803030303030303
0.17445482313632965,2,0.18560606,0.01,0.25,0.001270648,0.0,0.01,0.75,0.009615385,0.010810811,0.0,0.0,0.01,0.1856060606060606
0.29595014452934265,11,0.31439394,0.030303031,0.26190478,0.005082592,0.091,0.478,0.432,0.125,0.024324324,0.007352941,0.0,0.01,0.3143939393939394
0.29595014452934265,11,0.47727272,0.09090909,0.5,0.061414655,0.439,0.076,0.473,0.057692308,0.21351351,0.10110294,0.0056657223,0.01,0.4772727272727273
0.29595014452934265,0,0.31439394,0.030303031,0.26190478,0.005082592,0.091,0.478,0.432,0.125,0.024324324,0.007352941,0.0,0.01,0.3143939393939394
0.29595014452934265,0,0.47727272,0.09090909,0.5,0.061414655,0.439,0.076,0.473,0.057692308,0.21351351,0.10110294,0.0056657223,0.01,0.4772727272727273
0.3894081115722656,28,0.26136363,0.01,0.29761904,0.0,0.0,1.0,0.0,0.32692307,0.0,0.0018382353,0.0,0.01,0.26136363636363635
0.7451713681221008,4,0.015151516,0.121212125,0.95238096,0.067344345,0.227,0.239,0.534,0.01923077,0.0054054055,0.011029412,0.04579792,0.033373788,0.015151515151515152
0.46261683106422424,14,0.003787879,0.15151516,0.71428573,0.15756035,0.417,0.123,0.46,0.0,0.22972973,0.28492647,0.062322944,0.0006067961,0.003787878787878788
0.5395638346672058,10,0.41666666,0.09090909,0.71428573,0.14358322,0.116,0.191,0.69,0.43269232,0.0054054055,0.21875,0.10245515,0.0012135922,0.4166666666666667
0.5912772417068481,20,0.8371212,0.36363637,0.7380952,0.1605252,0.268,0.098,0.632,0.72115386,0.06486487,0.113970585,0.11898017,0.025485437,0.8371212121212122
0.5887850522994995,3,0.844697,0.33333334,0.72619045,0.17407878,0.057,0.06,0.884,0.83653843,0.0,0.17463236,0.1421152,0.009708738,0.8446969696969697
0.6439252495765686,9,0.8219697,0.09090909,0.7380952,0.062261753,0.539,0.012,0.449,0.58653843,0.0,0.04411765,0.054296505,0.005461165,0.821969696969697
0.06853582710027695,19,0.18181819,0.01,0.05952381,0.0008470987,0.333,0.01,0.333,0.20192307,0.008108108,0.0,0.0,0.01,0.18181818181818182
0.6542056202888489,0,0.3598485,0.01,0.52380955,0.002541296,0.429,0.01,0.571,0.1826923,0.0,0.0,0.0033050047,0.01,0.35984848484848486
0.6529595255851746,16,0.2651515,0.24242425,0.71428573,0.041931383,0.0,0.01,1.0,0.33653846,0.0,0.0,0.04674221,0.0006067961,0.26515151515151514
0.6529595255851746,16,0.969697,0.27272728,0.72619045,0.119864464,0.133,0.115,0.744,0.5769231,0.0,0.020220589,0.122757316,0.00788835,0.9696969696969697
0.6529595255851746,26,0.2651515,0.24242425,0.71428573,0.041931383,0.0,0.01,1.0,0.33653846,0.0,0.0,0.04674221,0.0006067961,0.26515151515151514
0.6529595255851746,26,0.969697,0.27272728,0.72619045,0.119864464,0.133,0.115,0.744,0.5769231,0.0,0.020220589,0.122757316,0.00788835,0.9696969696969697
0.6875389218330383,4,0.09090909,0.18181819,0.75,0.11562897,0.3,0.068,0.625,0.0,0.0,0.02389706,0.09678943,0.033980582,0.09090909090909091
0.7342678904533386,3,0.9128788,0.09090909,0.7380952,0.017365523,0.0,0.036,0.964,0.96153843,0.0,0.0,0.01605288,0.004854369,0.912878787878788
0.40872272849082947,24,0.57954544,0.36363637,0.53571427,0.12240576,0.341,0.273,0.386,0.63461536,0.08378378,0.31066176,0.04249292,0.01,0.5795454545454546
0.6573208570480347,26,1.0,0.060606062,0.71428573,0.05124947,0.241,0.143,0.617,0.7692308,0.0027027028,0.009191177,0.05240793,0.0030339805,1.0
0.7127726078033447,20,0.875,0.6666667,0.7619048,0.13384159,0.213,0.064,0.724,0.8173077,0.0,0.0,0.12181303,0.03580097,0.875
1.0,6,0.6969697,0.01,0.77380955,0.001270648,0.0,0.01,1.0,0.8076923,0.0,0.0,0.0,0.0024271845,0.696969696969697
0.3504672944545746,2,0.27651516,0.030303031,0.47619048,0.007200339,0.125,0.031,0.781,0.35576922,0.016216217,0.018382354,0.00094428705,0.01,0.27651515151515155
0.914330244064331,16,0.11742424,0.030303031,0.7619048,0.0055061416,0.038,0.038,0.923,0.086538464,0.0,0.0,0.0028328612,0.004854369,0.11742424242424243
0.6769470572471619,4,0.022727273,0.060606062,0.72619045,0.029224904,0.284,0.126,0.589,0.03846154,0.0,0.0,0.029272899,0.004854369,0.022727272727272728
0.1947040557861328,2,0.24242425,0.030303031,0.27380952,0.0105887335,0.14,0.08,0.78,0.28846154,0.045945946,0.016544119,0.0,0.01,0.24242424242424243
0.827414333820343,27,0.68560606,0.45454547,0.95238096,0.3769589,0.303,0.082,0.615,0.77884614,0.016216217,0.053308822,0.1562795,0.31856796,0.6856060606060607
0.672585666179657,20,0.9469697,0.3939394,0.7380952,0.08089793,0.125,0.096,0.672,0.78846157,0.0,0.0,0.08356941,0.009101942,0.946969696969697
0.6738317608833313,20,0.95075756,0.42424244,0.7380952,0.17450233,0.351,0.008,0.627,0.9807692,0.0,0.005514706,0.18460812,0.011529126,0.9507575757575758
0.09657321125268936,22,0.16666667,0.01,0.25,0.001270648,0.75,0.01,0.0,0.0,0.010810811,0.0,0.0,0.01,0.16666666666666669
0.7289719581604004,3,0.7916667,0.18181819,0.72619045,0.037695892,0.04,0.03,0.93,0.88461536,0.0,0.0,0.033994336,0.01092233,0.7916666666666667
0.8439252376556396,29,0.109848484,0.6060606,0.7619048,0.33587462,0.248,0.088,0.66,0.16346154,0.0,0.0,0.17705382,0.25424758,0.10984848484848485
0.6451713442802429,20,0.9886364,0.42424244,0.72619045,0.22871664,0.284,0.098,0.618,0.83653843,0.043243244,0.007352941,0.23512748,0.01395631,0.9886363636363636
0.26479750871658325,19,0.46969697,0.030303031,0.29761904,0.009318085,0.35,0.062,0.588,0.057692308,0.035135135,0.018382354,0.0,0.01,0.4696969696969697
0.26479750871658325,19,0.47348484,0.01,0.2857143,0.028377807,0.529,0.294,0.176,0.46153846,0.13783784,0.03125,0.0,0.01,0.4734848484848485
0.26479750871658325,13,0.46969697,0.030303031,0.29761904,0.009318085,0.35,0.062,0.588,0.057692308,0.035135135,0.018382354,0.0,0.01,0.4696969696969697
0.26479750871658325,13,0.47348484,0.01,0.2857143,0.028377807,0.529,0.294,0.176,0.46153846,0.13783784,0.03125,0.0,0.01,0.4734848484848485
0.8495327234268188,27,0.6439394,0.42424244,0.96428573,0.197374,0.307,0.124,0.569,0.59615386,0.0,0.0,0.09065156,0.16686893,0.6439393939393939
0.5165109038352966,4,0.06818182,0.15151516,0.71428573,0.050402373,0.205,0.046,0.749,0.10576923,0.0,0.07904412,0.035410766,0.0012135922,0.06818181818181818
0.40031152963638306,10,0.53409094,0.030303031,0.47619048,0.0042354935,0.15,0.1,0.75,0.5192308,0.0027027028,0.014705882,0.00094428705,0.01,0.5340909090909091
0.6563863158226013,4,0.07954545,0.15151516,0.72619045,0.041084286,0.225,0.078,0.697,0.125,0.0,0.018382354,0.036827195,0.006067961,0.07954545454545454
0.6925233602523804,4,0.060606062,0.09090909,0.7619048,0.09826345,0.402,0.015,0.583,0.057692308,0.0,0.0036764706,0.07932011,0.038228154,0.06060606060606061
0.6925233602523804,4,0.12878788,0.15151516,0.75,0.028801356,0.409,0.093,0.498,0.086538464,0.0,0.009191177,0.021718603,0.01092233,0.12878787878787878
0.6925233602523804,14,0.060606062,0.09090909,0.7619048,0.09826345,0.402,0.015,0.583,0.057692308,0.0,0.0036764706,0.07932011,0.038228154,0.06060606060606061
0.6925233602523804,14,0.12878788,0.15151516,0.75,0.028801356,0.409,0.093,0.498,0.086538464,0.0,0.009191177,0.021718603,0.01092233,0.12878787878787878
0.3190031051635742,11,0.4848485,0.121212125,0.5,0.033460397,0.321,0.44,0.222,0.1923077,0.11891892,0.056985293,0.0023607176,0.01,0.48484848484848486
0.3457943797111511,0,0.49621212,0.09090909,0.47619048,0.041507836,0.371,0.01,0.629,0.067307696,0.15135135,0.073529415,0.0014164306,0.01,0.4962121212121212
0.3457943797111511,0,0.5416667,0.030303031,0.47619048,0.01863617,0.6,0.238,0.163,0.53846157,0.056756757,0.03860294,0.0014164306,0.01,0.5416666666666666
0.3457943797111511,13,0.49621212,0.09090909,0.47619048,0.041507836,0.371,0.01,0.629,0.067307696,0.15135135,0.073529415,0.0014164306,0.01,0.4962121212121212
0.3457943797111511,13,0.5416667,0.030303031,0.47619048,0.01863617,0.6,0.238,0.163,0.53846157,0.056756757,0.03860294,0.0014164306,0.01,0.5416666666666666
0.361370712518692,0,0.34469697,0.030303031,0.47619048,0.011012283,0.361,0.111,0.528,0.009615385,0.021621622,0.03125,0.00094428705,0.01,0.3446969696969697
0.9613707065582275,5,0.6818182,0.21212122,0.95238096,0.18297331,0.226,0.009,0.765,0.72115386,0.0,0.0,0.0,0.26274273,0.6818181818181819
0.49221184849739075,0,0.36363637,0.36363637,0.53571427,0.056332063,0.141,0.172,0.463,0.028846154,0.04054054,0.11580882,0.026440037,0.01,0.36363636363636365
0.7806853652000427,27,0.6931818,0.57575756,0.96428573,0.29987293,0.281,0.165,0.555,0.7980769,0.0,0.0,0.21435316,0.15473302,0.6931818181818182
0.4267912805080414,10,0.2689394,0.09090909,0.5,0.049131725,0.186,0.247,0.566,0.34615386,0.10810811,0.125,0.004249292,0.01,0.2689393939393939
0.5065420269966125,14,0.011363637,0.27272728,0.71428573,0.0944515,0.184,0.285,0.502,0.009615385,0.05135135,0.13235295,0.0618508,0.0012135922,0.011363636363636364
0.6803738474845886,26,0.8787879,0.121212125,0.72619045,0.033460397,0.232,0.049,0.67,0.72115386,0.0,0.012867647,0.029272899,0.006674757,0.8787878787878788
0.9112149477005005,5,0.6401515,0.21212122,0.95238096,0.14188904,0.038,0.044,0.918,0.7307692,0.0,0.0,0.010859301,0.18992719,0.6401515151515151
0.5311526656150818,12,0.21969697,0.15151516,0.71428573,0.013553579,0.109,0.12,0.731,0.25,0.010810811,0.018382354,0.008498584,0.0006067961,0.2196969696969697
0.5616822242736816,9,0.81060606,0.27272728,0.7380952,0.20330368,0.455,0.164,0.358,0.72115386,0.04054054,0.3216912,0.119924456,0.022451457,0.8106060606060607
0.8174454569816589,4,0.14015152,0.42424244,0.75,0.14654808,0.172,0.092,0.735,0.07692308,0.0,0.009191177,0.09915014,0.08009709,0.14015151515151517
0.6719626188278198,26,0.905303,0.060606062,0.72619045,0.034731045,0.248,0.011,0.741,0.5769231,0.0,0.005514706,0.034938622,0.0036407767,0.9053030303030303
0.2710280418395996,22,0.38257575,0.09090909,0.5,0.08386277,0.556,0.169,0.256,0.009615385,0.37567568,0.09558824,0.0037771482,0.01,0.38257575757575757
0.420560747385025,11,0.25757575,0.060606062,0.48809522,0.005082592,0.03,0.485,0.485,0.31730768,0.018918918,0.009191177,0.00047214353,0.01,0.25757575757575757
0.5059189796447754,16,0.09848485,0.121212125,0.52380955,0.016941974,0.138,0.01,0.862,0.14423077,0.010810811,0.025735294,0.010859301,0.01,0.09848484848484848
0.550467312335968,16,0.3939394,0.060606062,0.5119048,0.008470987,0.0,0.01,1.0,0.40384614,0.0054054055,0.009191177,0.0066100094,0.01,0.3939393939393939
0.5526479482650757,10,0.5378788,0.121212125,0.71428573,0.04531978,0.234,0.107,0.55,0.52884614,0.021621622,0.073529415,0.027384324,0.0012135922,0.5378787878787878
0.5526479482650757,10,0.78409094,0.24242425,0.7380952,0.2257518,0.449,0.201,0.326,0.66346157,0.0027027028,0.34375,0.1529745,0.013349514,0.7840909090909091
0.5526479482650757,9,0.5378788,0.121212125,0.71428573,0.04531978,0.234,0.107,0.55,0.52884614,0.021621622,0.073529415,0.027384324,0.0012135922,0.5378787878787878
0.5526479482650757,9,0.78409094,0.24242425,0.7380952,0.2257518,0.449,0.201,0.326,0.66346157,0.0027027028,0.34375,0.1529745,0.013349514,0.7840909090909091
0.3676012456417084,17,0.23106061,0.01,0.2857143,0.00042354935,0.0,0.5,0.0,0.03846154,0.0,0.0036764706,0.0,0.01,0.23106060606060608
0.3676012456417084,17,0.35227272,0.01,0.47619048,0.008047437,0.2,0.4,0.4,0.01923077,0.010810811,0.02757353,0.00047214353,0.01,0.3522727272727273
0.3676012456417084,11,0.23106061,0.01,0.2857143,0.00042354935,0.0,0.5,0.0,0.03846154,0.0,0.0036764706,0.0,0.01,0.23106060606060608
0.3676012456417084,11,0.35227272,0.01,0.47619048,0.008047437,0.2,0.4,0.4,0.01923077,0.010810811,0.02757353,0.00047214353,0.01,0.3522727272727273
0.6697819232940674,16,0.2159091,0.01,0.5119048,0.0,0.0,0.01,1.0,0.24038461,0.0,0.0,0.00047214353,0.01,0.2159090909090909
0.6697819232940674,16,0.5568182,0.01,0.5119048,0.0,0.0,0.01,1.0,0.5769231,0.0,0.0,0.00047214353,0.01,0.5568181818181819
0.6697819232940674,6,0.2159091,0.01,0.5119048,0.0,0.0,0.01,1.0,0.24038461,0.0,0.0,0.00047214353,0.01,0.2159090909090909
0.6697819232940674,6,0.5568182,0.01,0.5119048,0.0,0.0,0.01,1.0,0.5769231,0.0,0.0,0.00047214353,0.01,0.5568181818181819
0.6373831629753113,26,0.7765151,0.21212122,0.7380952,0.11774672,0.34,0.011,0.606,0.7307692,0.008108108,0.056985293,0.10576015,0.012742719,0.7765151515151515
0.37383177876472473,2,0.20833333,0.01,0.29761904,0.00042354935,0.0,0.01,1.0,0.22115384,0.0,0.0036764706,0.0,0.01,0.20833333333333334
0.44018691778182983,15,0.92045456,0.33333334,0.72619045,0.36891147,0.37,0.171,0.45,0.5769231,0.51891893,0.5367647,0.18083097,0.0030339805,0.9204545454545455
0.7897196412086487,3,0.7386364,0.27272728,0.95238096,0.08301567,0.031,0.267,0.702,0.8557692,0.013513514,0.04411765,0.04249292,0.047330096,0.7386363636363636
0.3769470453262329,24,0.54924244,0.121212125,0.48809522,0.029224904,0.453,0.059,0.488,0.5576923,0.072972976,0.06433824,0.0037771482,0.01,0.5492424242424243
0.6084111928939819,10,0.5037879,0.060606062,0.53571427,0.0652266,0.344,0.126,0.52,0.48076922,0.0,0.04411765,0.0618508,0.01,0.5037878787878788
0.7327103018760681,3,0.8712121,0.24242425,0.7380952,0.066920795,0.186,0.027,0.788,0.8173077,0.0,0.012867647,0.056657225,0.019417476,0.8712121212121212
0.7560747861862183,26,0.8863636,0.09090909,0.7380952,0.013553579,0.333,0.042,0.625,0.9326923,0.0,0.0018382353,0.010859301,0.005461165,0.8863636363636364
0.604672908782959,24,0.5871212,0.3939394,0.5119048,0.04659043,0.276,0.061,0.662,0.65384614,0.0027027028,0.0036764706,0.0509915,0.01,0.5871212121212122
0.49065420031547546,0,0.15151516,0.030303031,0.5119048,0.022871664,0.399,0.2,0.381,0.028846154,0.0054054055,0.04779412,0.012747875,0.01,0.15151515151515152
0.7856698036193848,12,0.43939394,0.09090909,0.71428573,0.008894537,0.223,0.01,0.777,0.057692308,0.0,0.0,0.0056657223,0.006067961,0.4393939393939394
0.31152647733688354,2,0.31060606,0.01,0.23809524,0.0,0.0,0.01,1.0,0.009615385,0.0027027028,0.0,0.0,0.01,0.3106060606060606
0.31152647733688354,2,0.3181818,0.01,0.23809524,0.00042354935,0.0,0.5,0.0,0.13461539,0.0054054055,0.0,0.0,0.01,0.3181818181818182
0.31152647733688354,2,0.52272725,0.01,0.26190478,0.013553579,0.485,0.152,0.364,0.5,0.075675674,0.009191177,0.0,0.01,0.5227272727272727
0.31152647733688354,2,0.6098485,0.01,0.23809524,0.0,0.0,0.01,0.0,0.5192308,0.0027027028,0.0,0.0,0.01,0.6098484848484849
0.31152647733688354,17,0.31060606,0.01,0.23809524,0.0,0.0,0.01,1.0,0.009615385,0.0027027028,0.0,0.0,0.01,0.3106060606060606
0.31152647733688354,17,0.3181818,0.01,0.23809524,0.00042354935,0.0,0.5,0.0,0.13461539,0.0054054055,0.0,0.0,0.01,0.3181818181818182
0.31152647733688354,17,0.52272725,0.01,0.26190478,0.013553579,0.485,0.152,0.364,0.5,0.075675674,0.009191177,0.0,0.01,0.5227272727272727
0.31152647733688354,17,0.6098485,0.01,0.23809524,0.0,0.0,0.01,0.0,0.5192308,0.0027027028,0.0,0.0,0.01,0.6098484848484849
0.31152647733688354,13,0.31060606,0.01,0.23809524,0.0,0.0,0.01,1.0,0.009615385,0.0027027028,0.0,0.0,0.01,0.3106060606060606
0.31152647733688354,13,0.3181818,0.01,0.23809524,0.00042354935,0.0,0.5,0.0,0.13461539,0.0054054055,0.0,0.0,0.01,0.3181818181818182
0.31152647733688354,13,0.52272725,0.01,0.26190478,0.013553579,0.485,0.152,0.364,0.5,0.075675674,0.009191177,0.0,0.01,0.5227272727272727
0.31152647733688354,13,0.6098485,0.01,0.23809524,0.0,0.0,0.01,0.0,0.5192308,0.0027027028,0.0,0.0,0.01,0.6098484848484849
0.31152647733688354,17,0.31060606,0.01,0.23809524,0.0,0.0,0.01,1.0,0.009615385,0.0027027028,0.0,0.0,0.01,0.3106060606060606
0.31152647733688354,17,0.3181818,0.01,0.23809524,0.00042354935,0.0,0.5,0.0,0.13461539,0.0054054055,0.0,0.0,0.01,0.3181818181818182
0.31152647733688354,17,0.52272725,0.01,0.26190478,0.013553579,0.485,0.152,0.364,0.5,0.075675674,0.009191177,0.0,0.01,0.5227272727272727
0.31152647733688354,17,0.6098485,0.01,0.23809524,0.0,0.0,0.01,0.0,0.5192308,0.0027027028,0.0,0.0,0.01,0.6098484848484849
0.33582553267478943,0,0.4090909,0.121212125,0.47619048,0.049978822,0.444,0.063,0.492,0.009615385,0.12162162,0.12867647,0.0018885741,0.01,0.4090909090909091
0.7570093274116516,4,0.06439394,0.030303031,0.75,0.027107159,0.221,0.139,0.641,0.09615385,0.0,0.0,0.021718603,0.011529126,0.06439393939393939
0.25077882409095764,2,0.3901515,0.030303031,0.29761904,0.028377807,0.103,0.064,0.834,0.0,0.10810811,0.05147059,0.0,0.01,0.39015151515151514
0.34267911314964294,28,0.3068182,0.030303031,0.26190478,0.00042354935,0.0,1.0,0.0,0.24038461,0.0,0.0036764706,0.0,0.01,0.3068181818181818
0.34267911314964294,28,0.5681818,0.01,0.26190478,0.00042354935,0.0,0.01,1.0,0.6057692,0.0,0.0036764706,0.0,0.01,0.5681818181818182
0.34267911314964294,28,0.57575756,0.01,0.26190478,0.0,0.0,0.01,1.0,0.625,0.0,0.0018382353,0.0,0.01,0.5757575757575758
0.34267911314964294,2,0.3068182,0.030303031,0.26190478,0.00042354935,0.0,1.0,0.0,0.24038461,0.0,0.0036764706,0.0,0.01,0.3068181818181818
0.34267911314964294,2,0.5681818,0.01,0.26190478,0.00042354935,0.0,0.01,1.0,0.6057692,0.0,0.0036764706,0.0,0.01,0.5681818181818182
0.34267911314964294,2,0.57575756,0.01,0.26190478,0.0,0.0,0.01,1.0,0.625,0.0,0.0018382353,0.0,0.01,0.5757575757575758
0.34267911314964294,2,0.3068182,0.030303031,0.26190478,0.00042354935,0.0,1.0,0.0,0.24038461,0.0,0.0036764706,0.0,0.01,0.3068181818181818
0.34267911314964294,2,0.5681818,0.01,0.26190478,0.00042354935,0.0,0.01,1.0,0.6057692,0.0,0.0036764706,0.0,0.01,0.5681818181818182
0.34267911314964294,2,0.57575756,0.01,0.26190478,0.0,0.0,0.01,1.0,0.625,0.0,0.0018382353,0.0,0.01,0.5757575757575758
0.6367601156234741,4,0.13636364,0.18181819,0.7380952,0.103769585,0.279,0.029,0.692,0.028846154,0.0054054055,0.08639706,0.08262512,0.013349514,0.13636363636363635
0.5442367792129517,12,0.25,0.18181819,0.5119048,0.01863617,0.173,0.088,0.74,0.30769232,0.0,0.022058824,0.015580736,0.01,0.25
0.6613706946372986,21,0.8181818,0.060606062,0.72619045,0.05124947,0.473,0.09,0.438,0.91346157,0.0027027028,0.0018382353,0.052880075,0.004854369,0.8181818181818182
0.2274143248796463,2,0.18939394,0.01,0.25,0.0008470987,0.0,0.01,0.667,0.1923077,0.008108108,0.0,0.0,0.01,0.1893939393939394
0.3264797627925873,22,0.1780303,0.09090909,0.47619048,0.022024566,0.479,0.369,0.074,0.009615385,0.08918919,0.03492647,0.00047214353,0.01,0.17803030303030304
0.5813084244728088,3,0.9848485,0.21212122,0.72619045,0.10249894,0.175,0.059,0.766,0.8942308,0.045945946,0.11580882,0.074126534,0.0036407767,0.9848484848484849
0.7429906725883484,29,0.08712121,0.54545456,0.75,0.4616688,0.342,0.107,0.544,0.0,0.0027027028,0.012867647,0.37724268,0.1723301,0.08712121212121213
0.09968847036361694,2,0.16287878,0.01,0.25,0.0016941974,0.2,0.01,0.8,0.1923077,0.013513514,0.0,0.0,0.01,0.16287878787878787
0.30965733528137207,23,0.41287878,0.3939394,0.48809522,0.2634477,0.6,0.234,0.166,0.009615385,1.0,0.44485295,0.005193579,0.01,0.4128787878787879
0.8700934648513794,27,0.6136364,0.4848485,0.97619045,0.2774248,0.348,0.042,0.605,0.6826923,0.008108108,0.0018382353,0.10245515,0.2639563,0.6136363636363636
0.7336448431015015,20,0.7878788,0.6969697,0.7619048,0.227446,0.111,0.11,0.778,0.8173077,0.013513514,0.036764707,0.18413597,0.07463592,0.7878787878787878
0.9573208689689636,1,0.6287879,0.4848485,0.96428573,0.7081745,0.248,0.048,0.704,0.7019231,0.0,0.0,0.011803588,1.0,0.6287878787878788
0.6535825729370117,20,0.79924244,0.5151515,0.72619045,0.41507834,0.493,0.013,0.494,0.83653843,0.0,0.0,0.4466478,0.021237863,0.7992424242424243
0.7096573114395142,12,0.1969697,0.121212125,0.7380952,0.0067767897,0.067,0.1,0.744,0.21153846,0.0,0.007352941,0.005193579,0.0012135922,0.19696969696969696
0.7096573114395142,12,0.7348485,0.4848485,0.7619048,0.446421,0.299,0.139,0.562,0.78846157,0.0027027028,0.04963235,0.3871577,0.12560679,0.7348484848484849
0.7096573114395142,20,0.1969697,0.121212125,0.7380952,0.0067767897,0.067,0.1,0.744,0.21153846,0.0,0.007352941,0.005193579,0.0012135922,0.19696969696969696
0.7096573114395142,20,0.7348485,0.4848485,0.7619048,0.446421,0.299,0.139,0.562,0.78846157,0.0027027028,0.04963235,0.3871577,0.12560679,0.7348484848484849
0.9068535566329956,5,0.64772725,0.54545456,0.95238096,0.14061838,0.07,0.084,0.846,0.74038464,0.0,0.0,0.042020775,0.14805825,0.6477272727272727
0.8080996870994568,6,0.84090906,0.121212125,0.72619045,0.022448115,0.13,0.01,0.87,0.72115386,0.0,0.0,0.011803588,0.017597087,0.8409090909090909
0.5124610662460327,16,0.27272728,0.030303031,0.48809522,0.007200339,0.088,0.176,0.736,0.14423077,0.0027027028,0.02389706,0.0018885741,0.01,0.2727272727272727
0.6302180886268616,14,0.11363637,0.18181819,0.75,0.13850063,0.373,0.131,0.492,0.028846154,0.0,0.090073526,0.1237016,0.010315534,0.11363636363636365
0.6037383079528809,21,0.95454544,0.36363637,0.7380952,0.12282931,0.478,0.084,0.437,0.9230769,0.05945946,0.11580882,0.083097264,0.018203884,0.9545454545454546
0.8292834758758545,3,0.82954544,0.24242425,0.75,0.08132147,0.134,0.011,0.855,0.83653843,0.0,0.0,0.04532578,0.05885922,0.8295454545454546
0.2881619930267334,11,0.22727273,0.030303031,0.2857143,0.0016941974,0.0,0.5,0.5,0.2596154,0.0027027028,0.007352941,0.0,0.01,0.2272727272727273
0.6744548082351685,14,0.083333336,0.15151516,0.75,0.08132147,0.428,0.266,0.306,0.0,0.0,0.02389706,0.07034939,0.01881068,0.08333333333333334
0.6445482969284058,12,0.37878788,0.21212122,0.71428573,0.06819145,0.085,0.11,0.805,0.42307693,0.016216217,0.009191177,0.06893296,0.0030339805,0.3787878787878788
0.9657320976257324,16,0.20075758,0.01,0.7380952,0.0,0.0,0.01,1.0,0.09615385,0.0,0.0,0.0,0.0006067961,0.20075757575757577
0.26323986053466797,19,0.375,0.09090909,0.2857143,0.036425244,0.33,0.038,0.631,0.0,0.18378378,0.03492647,0.0,0.01,0.375
0.6520249247550964,10,0.5113636,0.060606062,0.71428573,0.023295214,0.363,0.01,0.637,0.4903846,0.0,0.005514706,0.024551464,0.0006067961,0.5113636363636364
0.672897219657898,4,0.121212125,0.15151516,0.7380952,0.11520542,0.307,0.071,0.622,0.009615385,0.0,0.022058824,0.106704436,0.021237863,0.12121212121212122
0.672897219657898,4,0.17424242,0.01,0.53571427,0.001270648,0.0,0.01,1.0,0.057692308,0.0,0.0,0.0018885741,0.01,0.17424242424242425
0.672897219657898,4,0.22348484,0.060606062,0.71428573,0.027107159,0.05,0.112,0.837,0.067307696,0.0,0.0,0.027384324,0.0042475727,0.22348484848484848
0.672897219657898,16,0.121212125,0.15151516,0.7380952,0.11520542,0.307,0.071,0.622,0.009615385,0.0,0.022058824,0.106704436,0.021237863,0.12121212121212122
0.672897219657898,16,0.17424242,0.01,0.53571427,0.001270648,0.0,0.01,1.0,0.057692308,0.0,0.0,0.0018885741,0.01,0.17424242424242425
0.672897219657898,16,0.22348484,0.060606062,0.71428573,0.027107159,0.05,0.112,0.837,0.067307696,0.0,0.0,0.027384324,0.0042475727,0.22348484848484848
0.672897219657898,16,0.121212125,0.15151516,0.7380952,0.11520542,0.307,0.071,0.622,0.009615385,0.0,0.022058824,0.106704436,0.021237863,0.12121212121212122
0.672897219657898,16,0.17424242,0.01,0.53571427,0.001270648,0.0,0.01,1.0,0.057692308,0.0,0.0,0.0018885741,0.01,0.17424242424242425
0.672897219657898,16,0.22348484,0.060606062,0.71428573,0.027107159,0.05,0.112,0.837,0.067307696,0.0,0.0,0.027384324,0.0042475727,0.22348484848484848
0.5267912745475769,14,0.32575756,0.3030303,0.7380952,0.1279119,0.431,0.248,0.321,0.0,0.06486487,0.19669117,0.07507082,0.00788835,0.32575757575757575
0.6230529546737671,16,0.24621212,0.01,0.47619048,0.0,0.0,0.01,1.0,0.29807693,0.0,0.0,0.00047214353,0.01,0.24621212121212122
0.6791277527809143,26,0.81439394,0.121212125,0.7380952,0.048284624,0.255,0.046,0.699,0.90384614,0.008108108,0.020220589,0.041548632,0.00788835,0.8143939393939394
0.2897196114063263,22,0.4469697,0.030303031,0.2857143,0.008470987,0.8,0.01,0.2,0.1923077,0.037837837,0.012867647,0.0,0.01,0.44696969696969696
0.031152648851275444,28,0.594697,0.01,0.023809524,0.0,0.0,1.0,0.0,0.6057692,0.0027027028,0.0,0.0,0.01,0.5946969696969697
0.6149532794952393,20,0.97727275,0.5151515,0.7380952,0.12579416,0.164,0.123,0.705,0.6826923,0.0,0.022058824,0.12559018,0.012135922,0.9772727272727273
0.3305296003818512,24,0.54545456,0.18181819,0.48809522,0.11351123,0.481,0.257,0.26,0.5480769,0.38918918,0.21691176,0.0033050047,0.01,0.5454545454545454
0.38224297761917114,10,0.39772728,0.060606062,0.47619048,0.008047437,0.089,0.183,0.661,0.42307693,0.013513514,0.020220589,0.0018885741,0.01,0.39772727272727276
0.767912745475769,27,0.719697,0.27272728,0.7619048,0.11944091,0.28,0.136,0.584,0.6826923,0.0,0.005514706,0.06043437,0.09223301,0.7196969696969697
0.3657320737838745,2,0.23484848,0.121212125,0.5,0.01270648,0.027,0.124,0.849,0.26923078,0.045945946,0.020220589,0.0014164306,0.01,0.23484848484848486
0.6853582262992859,12,0.48863637,0.18181819,0.72619045,0.03896654,0.179,0.059,0.705,0.0,0.0,0.009191177,0.03729934,0.005461165,0.48863636363636365
0.6853582262992859,12,0.89772725,0.030303031,0.7380952,0.020330368,0.042,0.042,0.916,0.9519231,0.0,0.0,0.020302173,0.0036407767,0.8977272727272727
0.6853582262992859,3,0.48863637,0.18181819,0.72619045,0.03896654,0.179,0.059,0.705,0.0,0.0,0.009191177,0.03729934,0.005461165,0.48863636363636365
0.6853582262992859,3,0.89772725,0.030303031,0.7380952,0.020330368,0.042,0.042,0.916,0.9519231,0.0,0.0,0.020302173,0.0036407767,0.8977272727272727
0.7641744613647461,27,0.68939394,0.21212122,0.77380955,0.32062685,0.278,0.059,0.663,0.78846157,0.0,0.0,0.20302172,0.19902913,0.6893939393939394
0.7641744613647461,27,0.8560606,0.7878788,0.77380955,0.66963154,0.377,0.05,0.572,0.5769231,0.0,0.0018382353,0.5302172,0.27791262,0.8560606060606061
0.7641744613647461,18,0.68939394,0.21212122,0.77380955,0.32062685,0.278,0.059,0.663,0.78846157,0.0,0.0,0.20302172,0.19902913,0.6893939393939394
0.7641744613647461,18,0.8560606,0.7878788,0.77380955,0.66963154,0.377,0.05,0.572,0.5769231,0.0,0.0018382353,0.5302172,0.27791262,0.8560606060606061
0.6750778555870056,16,0.28030303,0.060606062,0.52380955,0.0008470987,0.0,0.01,1.0,0.3653846,0.0,0.0,0.0014164306,0.01,0.28030303030303033
0.6566978096961975,3,0.85227275,0.27272728,0.72619045,0.1880559,0.182,0.041,0.777,0.75961536,0.0,0.0018382353,0.20207743,0.009708738,0.8522727272727273
0.5373831987380981,16,0.4280303,0.030303031,0.5119048,0.0055061416,0.0,0.071,0.928,0.44230768,0.0,0.011029412,0.0037771482,0.01,0.42803030303030304
0.4124610722064972,17,0.40151516,0.3030303,0.5,0.17492588,0.0,0.041,0.049,0.33653846,0.0,0.5974265,0.042020775,0.01,0.40151515151515155
0.5255451798439026,14,0.01,0.18181819,0.7380952,0.2181279,0.304,0.274,0.423,0.0,0.15405406,0.2959559,0.13456091,0.00788835,0.0
0.41433021426200867,10,0.36742425,0.01,0.47619048,0.00635324,0.0,0.188,0.438,0.41346154,0.0054054055,0.020220589,0.0014164306,0.01,0.36742424242424243
0.6130841374397278,21,0.86742425,0.15151516,0.72619045,0.09233376,0.548,0.003,0.244,0.8076923,0.035135135,0.06433824,0.074126534,0.0084951455,0.8674242424242424
0.6168224215507507,26,0.93939394,0.030303031,0.71428573,0.011859382,0.303,0.018,0.678,0.6826923,0.0,0.009191177,0.010859301,0.0006067961,0.9393939393939394
0.4492211937904358,10,0.50757575,0.09090909,0.71428573,0.16306649,0.275,0.128,0.598,0.39423078,0.0,0.44117647,0.06798867,0.0012135922,0.5075757575757576
0.5514018535614014,9,0.82575756,0.3030303,0.7380952,0.23676409,0.428,0.119,0.446,0.5576923,0.021621622,0.2977941,0.17327668,0.01395631,0.8257575757575758
0.24080996215343475,10,0.49242425,0.18181819,0.48809522,0.060567558,0.114,0.297,0.589,0.45192307,0.26216215,0.07904412,0.0018885741,0.01,0.49242424242424243
0.686292827129364,12,0.45833334,0.09090909,0.72619045,0.026683608,0.055,0.117,0.816,0.086538464,0.0027027028,0.0,0.027384324,0.0030339805,0.45833333333333337
0.6838006377220154,29,0.28787878,0.36363637,0.72619045,0.33545107,0.393,0.023,0.584,0.17307693,0.0,0.0018382353,0.34985834,0.030946601,0.2878787878787879
0.6838006377220154,29,0.92424244,0.030303031,0.72619045,0.009741635,0.375,0.025,0.6,0.9519231,0.0,0.0018382353,0.008498584,0.0030339805,0.9242424242424243
0.6838006377220154,29,0.9280303,1.0,0.75,0.6497247,0.325,0.036,0.638,0.5576923,0.0,0.0,0.6803588,0.057038836,0.9280303030303031
0.6838006377220154,26,0.28787878,0.36363637,0.72619045,0.33545107,0.393,0.023,0.584,0.17307693,0.0,0.0018382353,0.34985834,0.030946601,0.2878787878787879
0.6838006377220154,26,0.92424244,0.030303031,0.72619045,0.009741635,0.375,0.025,0.6,0.9519231,0.0,0.0018382353,0.008498584,0.0030339805,0.9242424242424243
0.6838006377220154,26,0.9280303,1.0,0.75,0.6497247,0.325,0.036,0.638,0.5576923,0.0,0.0,0.6803588,0.057038836,0.9280303030303031
0.6838006377220154,18,0.28787878,0.36363637,0.72619045,0.33545107,0.393,0.023,0.584,0.17307693,0.0,0.0018382353,0.34985834,0.030946601,0.2878787878787879
0.6838006377220154,18,0.92424244,0.030303031,0.72619045,0.009741635,0.375,0.025,0.6,0.9519231,0.0,0.0018382353,0.008498584,0.0030339805,0.9242424242424243
0.6838006377220154,18,0.9280303,1.0,0.75,0.6497247,0.325,0.036,0.638,0.5576923,0.0,0.0,0.6803588,0.057038836,0.9280303030303031
0.3489096462726593,13,0.45454547,0.01,0.29761904,0.003811944,0.2,0.3,0.5,0.45192307,0.008108108,0.012867647,0.0,0.01,0.4545454545454546
0.44267913699150085,24,0.56439394,0.27272728,0.53571427,0.078780174,0.499,0.054,0.447,0.59615386,0.08648649,0.1452206,0.03588291,0.01,0.5643939393939394
0.47227415442466736,26,0.9734849,0.121212125,0.71428573,0.079627275,0.223,0.203,0.573,0.5576923,0.035135135,0.13235295,0.047686495,0.0018203884,0.9734848484848485
0.6333333253860474,18,0.7613636,0.6363636,0.75,1.0,0.346,0.094,0.56,0.6442308,0.0945946,0.21323529,1.0,0.05643204,0.7613636363636364
0.6137071847915649,11,0.1590909,0.01,0.48809522,0.007623888,0.263,0.211,0.316,0.1826923,0.0,0.0018382353,0.008498584,0.01,0.1590909090909091
0.8576323986053467,5,0.7310606,0.6060606,0.77380955,0.28462517,0.115,0.028,0.856,0.5769231,0.0,0.02757353,0.050047215,0.33495146,0.7310606060606061
0.08099688589572906,25,0.5719697,0.09090909,0.26190478,0.027954256,0.438,0.392,0.171,0.61538464,0.17297298,0.005514706,0.0,0.01,0.571969696969697
0.6190031170845032,26,0.90909094,0.09090909,0.72619045,0.08216857,0.371,0.079,0.541,0.6923077,0.0027027028,0.040441178,0.07459868,0.0084951455,0.9090909090909092
0.20404984056949615,19,0.45075756,0.030303031,0.48809522,0.0105887335,0.24,0.04,0.72,0.028846154,0.02972973,0.022058824,0.0014164306,0.01,0.45075757575757575
0.7750778794288635,26,0.70454544,0.15151516,0.77380955,0.13087675,0.208,0.236,0.556,0.8173077,0.0,0.0,0.09395656,0.067354366,0.7045454545454546
0.06230529770255089,8,0.59090906,0.01,0.04761905,0.0,1.0,0.01,0.0,0.66346157,0.0027027028,0.0,0.0,0.01,0.5909090909090909
0.2834891080856323,13,0.530303,0.060606062,0.2857143,0.019906819,0.389,0.141,0.443,0.50961536,0.097297296,0.022058824,0.0,0.01,0.5303030303030303
0.8149532675743103,27,0.6515151,0.4848485,0.95238096,0.15247777,0.197,0.124,0.679,0.6826923,0.0,0.0,0.0802644,0.11589806,0.6515151515151515
0.7601246237754822,26,0.8901515,0.09090909,0.71428573,0.015247776,0.497,0.01,0.503,0.78846157,0.0,0.0,0.0094428705,0.010315534,0.8901515151515151
0.4165109097957611,14,0.041666668,0.060606062,0.71428573,0.053790767,0.429,0.194,0.377,0.0,0.07027027,0.10845588,0.019830028,0.0006067961,0.04166666666666667
0.7077881693840027,3,0.9166667,0.3030303,0.7380952,0.15925455,0.082,0.081,0.837,0.97115386,0.0,0.0,0.15769593,0.026092233,0.9166666666666667
0.7548286318778992,6,0.6780303,0.09090909,0.95238096,0.039813638,0.028,0.18,0.792,0.7692308,0.0,0.0018382353,0.025023608,0.024878642,0.6780303030303031
0.9535825252532959,5,0.67424244,0.3939394,0.95238096,0.13765353,0.005,0.01,0.995,0.75961536,0.0,0.0,0.0,0.19781554,0.6742424242424243
0.15576323866844177,17,0.2840909,0.01,0.23809524,0.00042354935,0.0,0.5,0.0,0.375,0.0054054055,0.0,0.0,0.01,0.2840909090909091
0.5383177399635315,26,0.9431818,0.15151516,0.72619045,0.10165184,0.275,0.071,0.654,0.83653843,0.08918919,0.104779415,0.0694051,0.0024271845,0.9431818181818182
0.8140186667442322,5,0.70075756,0.33333334,0.7619048,0.18593816,0.099,0.032,0.869,0.7019231,0.0,0.0,0.076959394,0.16808252,0.7007575757575758
0.795950174331665,27,0.63257575,0.33333334,0.95238096,0.20288013,0.472,0.135,0.393,0.71153843,0.0,0.009191177,0.1270066,0.125,0.6325757575757576
0.795950174331665,27,0.655303,0.3030303,0.95238096,0.21558662,0.231,0.096,0.674,0.58653843,0.0,0.097426474,0.10434372,0.14320388,0.6553030303030303
0.795950174331665,27,0.63257575,0.33333334,0.95238096,0.20288013,0.472,0.135,0.393,0.71153843,0.0,0.009191177,0.1270066,0.125,0.6325757575757576
0.795950174331665,27,0.655303,0.3030303,0.95238096,0.21558662,0.231,0.096,0.674,0.58653843,0.0,0.097426474,0.10434372,0.14320388,0.6553030303030303
0.9651090502738953,1,0.6212121,0.57575756,1.0,0.7081745,0.484,0.044,0.471,0.5576923,0.0,0.0,0.023607176,0.9848301,0.6212121212121212
0.5781931281089783,14,0.17045455,0.42424244,0.75,0.2232105,0.423,0.089,0.487,0.0,0.06216216,0.3805147,0.12606232,0.01881068,0.17045454545454547
0.9171339273452759,4,0.049242426,0.21212122,0.77380955,0.041507836,0.107,0.244,0.649,0.067307696,0.0,0.0,0.011803588,0.044902913,0.04924242424242424
0.4040498435497284,22,0.33712122,0.09090909,0.71428573,0.18170267,0.641,0.186,0.173,0.1923077,0.3189189,0.42647058,0.035410766,0.0030339805,0.33712121212121215
0.6330218315124512,4,0.03409091,0.15151516,0.71428573,0.049555272,0.308,0.014,0.674,0.009615385,0.0,0.029411765,0.04579792,0.0030339805,0.03409090909090909
0.7588785290718079,12,0.29545453,0.33333334,0.7380952,0.043625582,0.13,0.035,0.835,0.3846154,0.0,0.020220589,0.035410766,0.01092233,0.29545454545454547
0.35514017939567566,0,0.42424244,0.18181819,0.5,0.03854299,0.184,0.209,0.511,0.057692308,0.048648648,0.11764706,0.0047214353,0.01,0.42424242424242425
0.7392523288726807,16,0.045454547,0.060606062,0.72619045,0.010165184,0.0,0.01,1.0,0.057692308,0.0,0.0,0.0075542964,0.005461165,0.045454545454545456
0.7878504395484924,20,0.8068182,0.6060606,0.75,0.17280813,0.104,0.045,0.842,0.72115386,0.008108108,0.09375,0.10528801,0.08009709,0.8068181818181819
0.23769471049308777,22,0.34848484,0.060606062,0.2857143,0.02541296,0.654,0.148,0.198,0.24038461,0.11081081,0.036764707,0.0,0.01,0.3484848484848485
0.5352025032043457,7,0.9962121,0.54545456,0.72619045,0.4049132,0.438,0.092,0.387,0.83653843,0.018918918,0.53860295,0.29556185,0.01881068,0.9962121212121212
0.6595015525817871,12,0.3030303,0.09090909,0.72619045,0.0944515,0.079,0.209,0.712,0.39423078,0.0,0.0,0.10009443,0.0072815535,0.30303030303030304
0.5638629198074341,21,0.8598485,0.15151516,0.71428573,0.18212622,0.565,0.083,0.351,0.9230769,0.0,0.2389706,0.1388102,0.0042475727,0.8598484848484849
0.9688473343849182,6,0.6363636,0.060606062,0.95238096,0.024565862,0.036,0.035,0.929,0.72115386,0.0,0.0,0.0,0.03580097,0.6363636363636364
0.015576324425637722,2,0.32954547,0.01,0.023809524,0.00042354935,0.0,0.01,1.0,0.29807693,0.0054054055,0.0,0.0,0.01,0.32954545454545453
0.699999988079071,4,0.09469697,0.3030303,0.7619048,0.24735282,0.223,0.051,0.726,0.13461539,0.0,0.0,0.21718602,0.07584952,0.0946969696969697
0.440809965133667,0,0.5,0.36363637,0.71428573,0.08132147,0.261,0.306,0.432,0.009615385,0.12702702,0.15625,0.028328612,0.0006067961,0.5
0.45140185952186584,11,0.10227273,0.21212122,0.52380955,0.034731045,0.159,0.444,0.388,0.15384616,0.037837837,0.0680147,0.015108593,0.01,0.10227272727272728
0.35825544595718384,2,0.29166666,0.01,0.27380952,0.0,0.0,0.01,1.0,0.13461539,0.0,0.0018382353,0.0,0.01,0.2916666666666667
0.35825544595718384,2,0.29924244,0.01,0.27380952,0.0,0.0,0.01,1.0,0.0,0.0,0.0018382353,0.0,0.01,0.29924242424242425
0.35825544595718384,2,0.5530303,0.01,0.27380952,0.0,0.0,0.01,1.0,0.5673077,0.0,0.0018382353,0.0,0.01,0.5530303030303031
0.35825544595718384,2,0.29166666,0.01,0.27380952,0.0,0.0,0.01,1.0,0.13461539,0.0,0.0018382353,0.0,0.01,0.2916666666666667
0.35825544595718384,2,0.29924244,0.01,0.27380952,0.0,0.0,0.01,1.0,0.0,0.0,0.0018382353,0.0,0.01,0.29924242424242425
0.35825544595718384,2,0.5530303,0.01,0.27380952,0.0,0.0,0.01,1.0,0.5673077,0.0,0.0018382353,0.0,0.01,0.5530303030303031
0.35825544595718384,2,0.29166666,0.01,0.27380952,0.0,0.0,0.01,1.0,0.13461539,0.0,0.0018382353,0.0,0.01,0.2916666666666667
0.35825544595718384,2,0.29924244,0.01,0.27380952,0.0,0.0,0.01,1.0,0.0,0.0,0.0018382353,0.0,0.01,0.29924242424242425
0.35825544595718384,2,0.5530303,0.01,0.27380952,0.0,0.0,0.01,1.0,0.5673077,0.0,0.0018382353,0.0,0.01,0.5530303030303031
0.6968847513198853,26,0.9583333,0.09090909,0.71428573,0.022448115,0.17,0.066,0.764,0.65384614,0.0,0.0,0.023607176,0.0024271845,0.9583333333333334
0.8127725720405579,4,0.053030305,0.27272728,0.7619048,0.0626853,0.179,0.149,0.668,0.07692308,0.0,0.0,0.037771482,0.041868933,0.05303030303030303
0.6598131060600281,4,0.007575758,0.15151516,0.72619045,0.12706481,0.234,0.126,0.64,0.009615385,0.0,0.011029412,0.13503306,0.005461165,0.007575757575757576
0.6598131060600281,4,0.8939394,0.15151516,0.7380952,0.1296061,0.431,0.076,0.494,0.9423077,0.0,0.0,0.14117092,0.004854369,0.8939393939393939
0.6598131060600281,21,0.007575758,0.15151516,0.72619045,0.12706481,0.234,0.126,0.64,0.009615385,0.0,0.011029412,0.13503306,0.005461165,0.007575757575757576
0.6598131060600281,21,0.8939394,0.15151516,0.7380952,0.1296061,0.431,0.076,0.494,0.9423077,0.0,0.0,0.14117092,0.004854369,0.8939393939393939
0.8339563608169556,16,0.14393939,0.060606062,0.75,0.026683608,0.055,0.078,0.868,0.14423077,0.0,0.0,0.011331445,0.024271844,0.14393939393939395
0.4828660488128662,14,0.14772727,0.21212122,0.72619045,0.07285049,0.428,0.056,0.516,0.01923077,0.032432433,0.10294118,0.04532578,0.005461165,0.14772727272727273
0.6760124564170837,20,0.88257575,0.33333334,0.7380952,0.23676409,0.148,0.041,0.811,0.72115386,0.0,0.0018382353,0.23371105,0.03883495,0.8825757575757576
0.30841121077537537,11,0.37121212,0.01,0.2857143,0.007623888,0.211,0.421,0.368,0.0,0.024324324,0.018382354,0.0,0.01,0.3712121212121212
0.44953271746635437,7,0.7651515,0.33333334,0.72619045,0.29055485,0.341,0.117,0.53,0.86538464,0.17567568,0.48713234,0.16383381,0.006067961,0.7651515151515151
0.691277265548706,26,0.77272725,0.18181819,0.75,0.098687,0.357,0.033,0.61,0.875,0.0027027028,0.025735294,0.087346554,0.020631067,0.7727272727272727
0.9504672884941101,5,0.6666667,0.42424244,0.96428573,0.13426514,0.213,0.032,0.755,0.59615386,0.0,0.0,0.011331445,0.17839806,0.6666666666666667
0.5772585868835449,12,0.21212122,0.33333334,0.71428573,0.049131725,0.212,0.135,0.652,0.23076923,0.008108108,0.056985293,0.036827195,0.0030339805,0.21212121212121213
0.34112149477005005,0,0.42045453,0.030303031,0.47619048,0.0055061416,0.5,0.01,0.5,0.125,0.021621622,0.009191177,0.00047214353,0.01,0.42045454545454547
0.6757009625434875,4,0.071969695,0.18181819,0.75,0.08132147,0.179,0.417,0.404,0.115384616,0.0,0.014705882,0.06562795,0.02791262,0.07196969696969698
0.7133956551551819,26,0.8636364,0.01,0.72619045,0.03218975,0.442,0.039,0.519,0.5769231,0.0,0.0,0.029272899,0.009101942,0.8636363636363636
0.9560747742652893,5,0.75,0.42424244,0.95238096,0.09360441,0.035,0.039,0.927,0.71153843,0.0,0.0,0.0,0.13470873,0.75
0.8947040438652039,1,0.625,0.6969697,0.97619045,0.6641254,0.322,0.04,0.638,0.6923077,0.0,0.0,0.20349386,0.690534,0.625
0.33956387639045715,22,0.20454545,0.15151516,0.48809522,0.066920795,0.589,0.249,0.163,0.0,0.25405404,0.112132356,0.0018885741,0.01,0.20454545454545456
0.4236760139465332,11,0.23863636,0.01,0.5,0.003811944,0.1,0.4,0.5,0.27884614,0.0054054055,0.011029412,0.00094428705,0.01,0.23863636363636365
0.38317757844924927,11,0.38636363,0.030303031,0.47619048,0.0105887335,0.1,0.385,0.443,0.028846154,0.010810811,0.03860294,0.00047214353,0.01,0.38636363636363635
0.5697819590568542,9,0.8333333,0.24242425,0.7380952,0.25455317,0.315,0.12,0.564,0.5576923,0.010810811,0.28308824,0.19971672,0.012742719,0.8333333333333334
0.7943925261497498,27,0.61742425,0.24242425,0.97619045,0.33079204,0.29,0.111,0.599,0.6442308,0.0,0.0,0.14542021,0.28762135,0.6174242424242424
